{"tipoJogo":"LOTOFACIL","numero":2048,"nomeMunicipioUFSorteio":"S�O PAULO, SP","dataApuracao":"03/10/2020","valorArrecadado":14355857.50,"valorEstimadoProximoConcurso":1500000.00,"valorAcumuladoProximoConcurso":0.00,"valorAcumuladoConcursoEspecial":5792465.88,"valorAcumuladoConcurso_0_5":1614798.82,"acumulado":false,"indicadorConcursoEspecial":1,"dezenasSorteadasOrdemSorteio":["009","004","006","007","001","016","012","020","019","003","008","022","021","013","025"],"listaResultadoEquipeEsportiva":null,"numeroJogo":8,"nomeTimeCoracaoMesSorte":"\u0000\u0000\u0000\u0000\u0000\u0000\u0000\u0000\u0000\u0000\u0000\u0000\u0000\u0000\u0000\u0000\u0000","tipoPublicacao":3,"observacao":"","localSorteio":"ESPA�O LOTERIAS CAIXA                   ","dataProximoConcurso":"05/10/2020","numeroConcursoAnterior":2047,"numeroConcursoProximo":2049,"valorTotalPremioFaixaUm":0,"numeroConcursoFinal_0_5":2050,"listaMunicipioUFGanhadores":[{"posicao":1,"ganhadores":1,"municipio":"SAO PAULO ","uf":"SP","nomeFatansiaUL":"","serie":""}],"listaRateioPremio":[{"faixa":1,"numeroDeGanhadores":1,"valorPremio":1319439.95,"descricaoFaixa":"15 acertos"},{"faixa":2,"numeroDeGanhadores":179,"valorPremio":1545.57,"descricaoFaixa":"14 acertos"},{"faixa":3,"numeroDeGanhadores":6505,"valorPremio":25.00,"descricaoFaixa":"13 acertos"},{"faixa":4,"numeroDeGanhadores":78189,"valorPremio":10.00,"descricaoFaixa":"12 acertos"},{"faixa":5,"numeroDeGanhadores":447713,"valorPremio":5.00,"descricaoFaixa":"11 acertos"}],"listaDezenas":["001","003","004","006","007","008","009","012","013","016","019","020","021","022","025"],"listaDezenasSegundoSorteio":null,"id":null}