{"tipoJogo":"LOTOFACIL","numero":236,"nomeMunicipioUFSorteio":"SALINAS, MG","dataApuracao":"12/07/2007","valorArrecadado":0.00,"valorEstimadoProximoConcurso":2500000.00,"valorAcumuladoProximoConcurso":1087600.01,"valorAcumuladoConcursoEspecial":0.00,"valorAcumuladoConcurso_0_5":0.00,"acumulado":true,"indicadorConcursoEspecial":1,"dezenasSorteadasOrdemSorteio":["001","013","003","022","025","023","005","016","004","009","012","015","008","007","021"],"listaResultadoEquipeEsportiva":[{"nuJogo":19,"nuConcurso":902,"nuSequencial":1,"nomeEquipeUm":"GREMIO           ","nomeEquipeDois":"INTERNACIONAL    ","siglaUFUm":"RS","siglaUFDois":"RS","nomeCampeonato":"PRINCIPAL - FUTEBOL MASCULINO                     ","dtJogo":"03/10/2020","nuGolEquipeUm":1,"nuGolEquipeDois":1,"icSorteioResultado":0,"siglaPaisUm":"BRA","siglaPaisDois":"BRA","resultado":null},{"nuJogo":19,"nuConcurso":902,"nuSequencial":2,"nomeEquipeUm":"PALMEIRAS        ","nomeEquipeDois":"CEARA            ","siglaUFUm":"SP","siglaUFDois":"CE","nomeCampeonato":"PRINCIPAL - FUTEBOL MASCULINO                     ","dtJogo":"03/10/2020","nuGolEquipeUm":2,"nuGolEquipeDois":1,"icSorteioResultado":0,"siglaPaisUm":"BRA","siglaPaisDois":"BRA","resultado":null},{"nuJogo":19,"nuConcurso":902,"nuSequencial":3,"nomeEquipeUm":"PONTE PRETA      ","nomeEquipeDois":"JUVENTUDE        ","siglaUFUm":"SP","siglaUFDois":"RS","nomeCampeonato":"PRINCIPAL - FUTEBOL MASCULINO                     ","dtJogo":"03/10/2020","nuGolEquipeUm":1,"nuGolEquipeDois":3,"icSorteioResultado":0,"siglaPaisUm":"BRA","siglaPaisDois":"BRA","resultado":null},{"nuJogo":19,"nuConcurso":902,"nuSequencial":4,"nomeEquipeUm":"PAYSANDU         ","nomeEquipeDois":"REMO             ","siglaUFUm":"PA","siglaUFDois":"PA","nomeCampeonato":"PRINCIPAL - FUTEBOL MASCULINO                     ","dtJogo":"03/10/2020","nuGolEquipeUm":2,"nuGolEquipeDois":3,"icSorteioResultado":0,"siglaPaisUm":"BRA","siglaPaisDois":"BRA","resultado":null},{"nuJogo":19,"nuConcurso":902,"nuSequencial":5,"nomeEquipeUm":"RB BRAGANTINO    ","nomeEquipeDois":"CORINTHIANS      ","siglaUFUm":"SP","siglaUFDois":"SP","nomeCampeonato":"PRINCIPAL - FUTEBOL MASCULINO                     ","dtJogo":"03/10/2020","nuGolEquipeUm":0,"nuGolEquipeDois":0,"icSorteioResultado":0,"siglaPaisUm":"BRA","siglaPaisDois":"BRA","resultado":null},{"nuJogo":19,"nuConcurso":902,"nuSequencial":6,"nomeEquipeUm":"BOTAFOGO         ","nomeEquipeDois":"FLUMINENSE       ","siglaUFUm":"RJ","siglaUFDois":"RJ","nomeCampeonato":"PRINCIPAL - FUTEBOL MASCULINO                     ","dtJogo":"04/10/2020","nuGolEquipeUm":1,"nuGolEquipeDois":1,"icSorteioResultado":0,"siglaPaisUm":"BRA","siglaPaisDois":"BRA","resultado":null},{"nuJogo":19,"nuConcurso":902,"nuSequencial":7,"nomeEquipeUm":"MANCHESTER UNITED","nomeEquipeDois":"TOTTENHAM        ","siglaUFUm":"  ","siglaUFDois":"  ","nomeCampeonato":"PRINCIPAL - FUTEBOL MASCULINO                     ","dtJogo":"04/10/2020","nuGolEquipeUm":1,"nuGolEquipeDois":6,"icSorteioResultado":0,"siglaPaisUm":"ING","siglaPaisDois":"ING","resultado":null},{"nuJogo":19,"nuConcurso":902,"nuSequencial":8,"nomeEquipeUm":"JUVENTUS         ","nomeEquipeDois":"NAPOLI           ","siglaUFUm":"  ","siglaUFDois":"  ","nomeCampeonato":"PRINCIPAL - FUTEBOL MASCULINO                     ","dtJogo":"04/10/2020","nuGolEquipeUm":1,"nuGolEquipeDois":0,"icSorteioResultado":0,"siglaPaisUm":"ITA","siglaPaisDois":"ITA","resultado":null},{"nuJogo":19,"nuConcurso":902,"nuSequencial":9,"nomeEquipeUm":"CORITIBA         ","nomeEquipeDois":"SAO PAULO        ","siglaUFUm":"PR","siglaUFDois":"SP","nomeCampeonato":"PRINCIPAL - FUTEBOL MASCULINO                     ","dtJogo":"04/10/2020","nuGolEquipeUm":1,"nuGolEquipeDois":1,"icSorteioResultado":0,"siglaPaisUm":"BRA","siglaPaisDois":"BRA","resultado":null},{"nuJogo":19,"nuConcurso":902,"nuSequencial":10,"nomeEquipeUm":"FLAMENGO         ","nomeEquipeDois":"ATHLETICO        ","siglaUFUm":"RJ","siglaUFDois":"PR","nomeCampeonato":"PRINCIPAL - FUTEBOL MASCULINO                     ","dtJogo":"04/10/2020","nuGolEquipeUm":3,"nuGolEquipeDois":1,"icSorteioResultado":0,"siglaPaisUm":"BRA","siglaPaisDois":"BRA","resultado":null},{"nuJogo":19,"nuConcurso":902,"nuSequencial":11,"nomeEquipeUm":"BAHIA            ","nomeEquipeDois":"SPORT            ","siglaUFUm":"BA","siglaUFDois":"PE","nomeCampeonato":"PRINCIPAL - FUTEBOL MASCULINO                     ","dtJogo":"04/10/2020","nuGolEquipeUm":1,"nuGolEquipeDois":2,"icSorteioResultado":0,"siglaPaisUm":"BRA","siglaPaisDois":"BRA","resultado":null},{"nuJogo":19,"nuConcurso":902,"nuSequencial":12,"nomeEquipeUm":"FORTALEZA        ","nomeEquipeDois":"ATLETICO         ","siglaUFUm":"CE","siglaUFDois":"GO","nomeCampeonato":"PRINCIPAL - FUTEBOL MASCULINO                     ","dtJogo":"04/10/2020","nuGolEquipeUm":0,"nuGolEquipeDois":0,"icSorteioResultado":0,"siglaPaisUm":"BRA","siglaPaisDois":"BRA","resultado":null},{"nuJogo":19,"nuConcurso":902,"nuSequencial":13,"nomeEquipeUm":"GOIAS            ","nomeEquipeDois":"SANTOS           ","siglaUFUm":"GO","siglaUFDois":"SP","nomeCampeonato":"PRINCIPAL - FUTEBOL MASCULINO                     ","dtJogo":"04/10/2020","nuGolEquipeUm":2,"nuGolEquipeDois":3,"icSorteioResultado":0,"siglaPaisUm":"BRA","siglaPaisDois":"BRA","resultado":null},{"nuJogo":19,"nuConcurso":902,"nuSequencial":14,"nomeEquipeUm":"ATLETICO         ","nomeEquipeDois":"VASCO DA GAMA    ","siglaUFUm":"MG","siglaUFDois":"RJ","nomeCampeonato":"PRINCIPAL - FUTEBOL MASCULINO                     ","dtJogo":"04/10/2020","nuGolEquipeUm":4,"nuGolEquipeDois":1,"icSorteioResultado":0,"siglaPaisUm":"BRA","siglaPaisDois":"BRA","resultado":null}],"numeroJogo":8,"nomeTimeCoracaoMesSorte":"                 ","tipoPublicacao":3,"observacao":"","localSorteio":"Caminh�o da Sorte                       ","dataProximoConcurso":"16/07/2007","numeroConcursoAnterior":235,"numeroConcursoProximo":237,"valorTotalPremioFaixaUm":0,"numeroConcursoFinal_0_5":240,"listaDezenas":["001","003","004","005","007","008","009","012","013","015","016","021","022","023","025"],"listaDezenasSegundoSorteio":null,"listaMunicipioUFGanhadores":[],"listaRateioPremio":[{"faixa":1,"numeroDeGanhadores":0,"valorPremio":0.00,"descricaoFaixa":"15 acertos"},{"faixa":2,"numeroDeGanhadores":359,"valorPremio":1298.37,"descricaoFaixa":"14 acertos"},{"faixa":3,"numeroDeGanhadores":16808,"valorPremio":10.00,"descricaoFaixa":"13 acertos"},{"faixa":4,"numeroDeGanhadores":225582,"valorPremio":4.00,"descricaoFaixa":"12 acertos"},{"faixa":5,"numeroDeGanhadores":1248389,"valorPremio":2.00,"descricaoFaixa":"11 acertos"}],"id":null}