{"tipoJogo":"LOTOFACIL","numero":247,"nomeMunicipioUFSorteio":"CRUZEIRO DO OESTE, PR","dataApuracao":"20/08/2007","valorArrecadado":0.00,"valorEstimadoProximoConcurso":1000000.00,"valorAcumuladoProximoConcurso":0.00,"valorAcumuladoConcursoEspecial":0.00,"valorAcumuladoConcurso_0_5":0.00,"acumulado":false,"indicadorConcursoEspecial":1,"dezenasSorteadasOrdemSorteio":["001","022","007","008","014","004","002","025","003","017","015","016","023","019","009"],"listaResultadoEquipeEsportiva":[{"nuJogo":19,"nuConcurso":902,"nuSequencial":1,"nomeEquipeUm":"GREMIO           ","nomeEquipeDois":"INTERNACIONAL    ","siglaUFUm":"RS","siglaUFDois":"RS","nomeCampeonato":"PRINCIPAL - FUTEBOL MASCULINO                     ","dtJogo":"03/10/2020","nuGolEquipeUm":1,"nuGolEquipeDois":1,"icSorteioResultado":0,"siglaPaisUm":"BRA","siglaPaisDois":"BRA","resultado":null},{"nuJogo":19,"nuConcurso":902,"nuSequencial":2,"nomeEquipeUm":"PALMEIRAS        ","nomeEquipeDois":"CEARA            ","siglaUFUm":"SP","siglaUFDois":"CE","nomeCampeonato":"PRINCIPAL - FUTEBOL MASCULINO                     ","dtJogo":"03/10/2020","nuGolEquipeUm":2,"nuGolEquipeDois":1,"icSorteioResultado":0,"siglaPaisUm":"BRA","siglaPaisDois":"BRA","resultado":null},{"nuJogo":19,"nuConcurso":902,"nuSequencial":3,"nomeEquipeUm":"PONTE PRETA      ","nomeEquipeDois":"JUVENTUDE        ","siglaUFUm":"SP","siglaUFDois":"RS","nomeCampeonato":"PRINCIPAL - FUTEBOL MASCULINO                     ","dtJogo":"03/10/2020","nuGolEquipeUm":1,"nuGolEquipeDois":3,"icSorteioResultado":0,"siglaPaisUm":"BRA","siglaPaisDois":"BRA","resultado":null},{"nuJogo":19,"nuConcurso":902,"nuSequencial":4,"nomeEquipeUm":"PAYSANDU         ","nomeEquipeDois":"REMO             ","siglaUFUm":"PA","siglaUFDois":"PA","nomeCampeonato":"PRINCIPAL - FUTEBOL MASCULINO                     ","dtJogo":"03/10/2020","nuGolEquipeUm":2,"nuGolEquipeDois":3,"icSorteioResultado":0,"siglaPaisUm":"BRA","siglaPaisDois":"BRA","resultado":null},{"nuJogo":19,"nuConcurso":902,"nuSequencial":5,"nomeEquipeUm":"RB BRAGANTINO    ","nomeEquipeDois":"CORINTHIANS      ","siglaUFUm":"SP","siglaUFDois":"SP","nomeCampeonato":"PRINCIPAL - FUTEBOL MASCULINO                     ","dtJogo":"03/10/2020","nuGolEquipeUm":0,"nuGolEquipeDois":0,"icSorteioResultado":0,"siglaPaisUm":"BRA","siglaPaisDois":"BRA","resultado":null},{"nuJogo":19,"nuConcurso":902,"nuSequencial":6,"nomeEquipeUm":"BOTAFOGO         ","nomeEquipeDois":"FLUMINENSE       ","siglaUFUm":"RJ","siglaUFDois":"RJ","nomeCampeonato":"PRINCIPAL - FUTEBOL MASCULINO                     ","dtJogo":"04/10/2020","nuGolEquipeUm":1,"nuGolEquipeDois":1,"icSorteioResultado":0,"siglaPaisUm":"BRA","siglaPaisDois":"BRA","resultado":null},{"nuJogo":19,"nuConcurso":902,"nuSequencial":7,"nomeEquipeUm":"MANCHESTER UNITED","nomeEquipeDois":"TOTTENHAM        ","siglaUFUm":"  ","siglaUFDois":"  ","nomeCampeonato":"PRINCIPAL - FUTEBOL MASCULINO                     ","dtJogo":"04/10/2020","nuGolEquipeUm":1,"nuGolEquipeDois":6,"icSorteioResultado":0,"siglaPaisUm":"ING","siglaPaisDois":"ING","resultado":null},{"nuJogo":19,"nuConcurso":902,"nuSequencial":8,"nomeEquipeUm":"JUVENTUS         ","nomeEquipeDois":"NAPOLI           ","siglaUFUm":"  ","siglaUFDois":"  ","nomeCampeonato":"PRINCIPAL - FUTEBOL MASCULINO                     ","dtJogo":"04/10/2020","nuGolEquipeUm":1,"nuGolEquipeDois":0,"icSorteioResultado":0,"siglaPaisUm":"ITA","siglaPaisDois":"ITA","resultado":null},{"nuJogo":19,"nuConcurso":902,"nuSequencial":9,"nomeEquipeUm":"CORITIBA         ","nomeEquipeDois":"SAO PAULO        ","siglaUFUm":"PR","siglaUFDois":"SP","nomeCampeonato":"PRINCIPAL - FUTEBOL MASCULINO                     ","dtJogo":"04/10/2020","nuGolEquipeUm":1,"nuGolEquipeDois":1,"icSorteioResultado":0,"siglaPaisUm":"BRA","siglaPaisDois":"BRA","resultado":null},{"nuJogo":19,"nuConcurso":902,"nuSequencial":10,"nomeEquipeUm":"FLAMENGO         ","nomeEquipeDois":"ATHLETICO        ","siglaUFUm":"RJ","siglaUFDois":"PR","nomeCampeonato":"PRINCIPAL - FUTEBOL MASCULINO                     ","dtJogo":"04/10/2020","nuGolEquipeUm":3,"nuGolEquipeDois":1,"icSorteioResultado":0,"siglaPaisUm":"BRA","siglaPaisDois":"BRA","resultado":null},{"nuJogo":19,"nuConcurso":902,"nuSequencial":11,"nomeEquipeUm":"BAHIA            ","nomeEquipeDois":"SPORT            ","siglaUFUm":"BA","siglaUFDois":"PE","nomeCampeonato":"PRINCIPAL - FUTEBOL MASCULINO                     ","dtJogo":"04/10/2020","nuGolEquipeUm":1,"nuGolEquipeDois":2,"icSorteioResultado":0,"siglaPaisUm":"BRA","siglaPaisDois":"BRA","resultado":null},{"nuJogo":19,"nuConcurso":902,"nuSequencial":12,"nomeEquipeUm":"FORTALEZA        ","nomeEquipeDois":"ATLETICO         ","siglaUFUm":"CE","siglaUFDois":"GO","nomeCampeonato":"PRINCIPAL - FUTEBOL MASCULINO                     ","dtJogo":"04/10/2020","nuGolEquipeUm":0,"nuGolEquipeDois":0,"icSorteioResultado":0,"siglaPaisUm":"BRA","siglaPaisDois":"BRA","resultado":null},{"nuJogo":19,"nuConcurso":902,"nuSequencial":13,"nomeEquipeUm":"GOIAS            ","nomeEquipeDois":"SANTOS           ","siglaUFUm":"GO","siglaUFDois":"SP","nomeCampeonato":"PRINCIPAL - FUTEBOL MASCULINO                     ","dtJogo":"04/10/2020","nuGolEquipeUm":2,"nuGolEquipeDois":3,"icSorteioResultado":0,"siglaPaisUm":"BRA","siglaPaisDois":"BRA","resultado":null},{"nuJogo":19,"nuConcurso":902,"nuSequencial":14,"nomeEquipeUm":"ATLETICO         ","nomeEquipeDois":"VASCO DA GAMA    ","siglaUFUm":"MG","siglaUFDois":"RJ","nomeCampeonato":"PRINCIPAL - FUTEBOL MASCULINO                     ","dtJogo":"04/10/2020","nuGolEquipeUm":4,"nuGolEquipeDois":1,"icSorteioResultado":0,"siglaPaisUm":"BRA","siglaPaisDois":"BRA","resultado":null}],"numeroJogo":8,"nomeTimeCoracaoMesSorte":"                 ","tipoPublicacao":3,"observacao":"Ganhador de 15 acertos: Videira/SC.","localSorteio":"Caminh�o da Sorte                       ","dataProximoConcurso":"23/08/2007","numeroConcursoAnterior":246,"numeroConcursoProximo":248,"valorTotalPremioFaixaUm":0,"numeroConcursoFinal_0_5":250,"listaMunicipioUFGanhadores":[{"posicao":1,"ganhadores":1,"municipio":"","uf":"SC","nomeFatansiaUL":"","serie":""}],"listaRateioPremio":[{"faixa":1,"numeroDeGanhadores":1,"valorPremio":1100400.40,"descricaoFaixa":"15 acertos"},{"faixa":2,"numeroDeGanhadores":746,"valorPremio":629.77,"descricaoFaixa":"14 acertos"},{"faixa":3,"numeroDeGanhadores":22515,"valorPremio":10.00,"descricaoFaixa":"13 acertos"},{"faixa":4,"numeroDeGanhadores":262704,"valorPremio":4.00,"descricaoFaixa":"12 acertos"},{"faixa":5,"numeroDeGanhadores":1367044,"valorPremio":2.00,"descricaoFaixa":"11 acertos"}],"listaDezenas":["001","002","003","004","007","008","009","014","015","016","017","019","022","023","025"],"listaDezenasSegundoSorteio":null,"id":null}