{"tipoJogo":"LOTOFACIL","numero":277,"nomeMunicipioUFSorteio":"GUARULHOS, SP","dataApuracao":"03/12/2007","valorArrecadado":0.00,"valorEstimadoProximoConcurso":1000000.00,"valorAcumuladoProximoConcurso":0.00,"valorAcumuladoConcursoEspecial":0.00,"valorAcumuladoConcurso_0_5":0.00,"acumulado":false,"indicadorConcursoEspecial":1,"dezenasSorteadasOrdemSorteio":["016","024","013","002","017","010","009","011","021","004","023","014","025","022","012"],"listaResultadoEquipeEsportiva":[{"nuJogo":14,"nuConcurso":1054,"nuSequencial":1,"nomeEquipeUm":"BOTAFOGO         ","nomeEquipeDois":"VASCO DA GAMA    ","siglaUFUm":"RJ","siglaUFDois":"RJ","nomeCampeonato":"                                                  ","dtJogo":"02/06/2019","nuGolEquipeUm":1,"nuGolEquipeDois":0,"icSorteioResultado":0,"siglaPaisUm":"","siglaPaisDois":"","resultado":null},{"nuJogo":14,"nuConcurso":1054,"nuSequencial":2,"nomeEquipeUm":"SAO PAULO        ","nomeEquipeDois":"CRUZEIRO         ","siglaUFUm":"SP","siglaUFDois":"MG","nomeCampeonato":"                                                  ","dtJogo":"02/06/2019","nuGolEquipeUm":1,"nuGolEquipeDois":1,"icSorteioResultado":0,"siglaPaisUm":"","siglaPaisDois":"","resultado":null},{"nuJogo":14,"nuConcurso":1054,"nuSequencial":3,"nomeEquipeUm":"CHAPECOENSE      ","nomeEquipeDois":"PALMEIRAS        ","siglaUFUm":"SC","siglaUFDois":"SP","nomeCampeonato":"                                                  ","dtJogo":"02/06/2019","nuGolEquipeUm":1,"nuGolEquipeDois":2,"icSorteioResultado":0,"siglaPaisUm":"","siglaPaisDois":"","resultado":null},{"nuJogo":14,"nuConcurso":1054,"nuSequencial":4,"nomeEquipeUm":"BAHIA            ","nomeEquipeDois":"GREMIO           ","siglaUFUm":"BA","siglaUFDois":"RS","nomeCampeonato":"                                                  ","dtJogo":"01/06/2019","nuGolEquipeUm":1,"nuGolEquipeDois":0,"icSorteioResultado":0,"siglaPaisUm":"","siglaPaisDois":"","resultado":null},{"nuJogo":14,"nuConcurso":1054,"nuSequencial":5,"nomeEquipeUm":"FLAMENGO         ","nomeEquipeDois":"FORTALEZA        ","siglaUFUm":"RJ","siglaUFDois":"CE","nomeCampeonato":"                                                  ","dtJogo":"01/06/2019","nuGolEquipeUm":2,"nuGolEquipeDois":0,"icSorteioResultado":0,"siglaPaisUm":"","siglaPaisDois":"","resultado":null}],"numeroJogo":8,"nomeTimeCoracaoMesSorte":"                 ","tipoPublicacao":3,"observacao":"Ganhadores de 15 acertos: Montes Claros/MG, Aparecida de Goi�nia/GO, Bebedouro/SP e Rio de Janeiro/RJ.","localSorteio":"Caminh�o da Sorte                       ","dataProximoConcurso":"06/12/2007","numeroConcursoAnterior":276,"numeroConcursoProximo":278,"valorTotalPremioFaixaUm":0,"numeroConcursoFinal_0_5":280,"listaDezenas":["002","004","009","010","011","012","013","014","016","017","021","022","023","024","025"],"listaDezenasSegundoSorteio":null,"listaMunicipioUFGanhadores":[{"posicao":1,"ganhadores":1,"municipio":"","uf":"GO","nomeFatansiaUL":"","serie":""},{"posicao":1,"ganhadores":1,"municipio":"","uf":"MG","nomeFatansiaUL":"","serie":""},{"posicao":1,"ganhadores":1,"municipio":"","uf":"RJ","nomeFatansiaUL":"","serie":""},{"posicao":1,"ganhadores":1,"municipio":"","uf":"SP","nomeFatansiaUL":"","serie":""}],"listaRateioPremio":[{"faixa":1,"numeroDeGanhadores":4,"valorPremio":344720.36,"descricaoFaixa":"15 acertos"},{"faixa":2,"numeroDeGanhadores":525,"valorPremio":1125.62,"descricaoFaixa":"14 acertos"},{"faixa":3,"numeroDeGanhadores":22011,"valorPremio":10.00,"descricaoFaixa":"13 acertos"},{"faixa":4,"numeroDeGanhadores":213076,"valorPremio":4.00,"descricaoFaixa":"12 acertos"},{"faixa":5,"numeroDeGanhadores":1251270,"valorPremio":2.00,"descricaoFaixa":"11 acertos"}],"id":null}