{"tipoJogo":"LOTOFACIL","numero":280,"nomeMunicipioUFSorteio":"PICOS, PI","dataApuracao":"13/12/2007","valorArrecadado":0.00,"valorEstimadoProximoConcurso":1200000.00,"valorAcumuladoProximoConcurso":0.00,"valorAcumuladoConcursoEspecial":0.00,"valorAcumuladoConcurso_0_5":0.00,"acumulado":false,"indicadorConcursoEspecial":1,"dezenasSorteadasOrdemSorteio":["009","025","020","010","019","024","005","013","016","003","017","011","006","015","004"],"listaResultadoEquipeEsportiva":[{"nuJogo":14,"nuConcurso":1054,"nuSequencial":1,"nomeEquipeUm":"BOTAFOGO         ","nomeEquipeDois":"VASCO DA GAMA    ","siglaUFUm":"RJ","siglaUFDois":"RJ","nomeCampeonato":"                                                  ","dtJogo":"02/06/2019","nuGolEquipeUm":1,"nuGolEquipeDois":0,"icSorteioResultado":0,"siglaPaisUm":"","siglaPaisDois":"","resultado":null},{"nuJogo":14,"nuConcurso":1054,"nuSequencial":2,"nomeEquipeUm":"SAO PAULO        ","nomeEquipeDois":"CRUZEIRO         ","siglaUFUm":"SP","siglaUFDois":"MG","nomeCampeonato":"                                                  ","dtJogo":"02/06/2019","nuGolEquipeUm":1,"nuGolEquipeDois":1,"icSorteioResultado":0,"siglaPaisUm":"","siglaPaisDois":"","resultado":null},{"nuJogo":14,"nuConcurso":1054,"nuSequencial":3,"nomeEquipeUm":"CHAPECOENSE      ","nomeEquipeDois":"PALMEIRAS        ","siglaUFUm":"SC","siglaUFDois":"SP","nomeCampeonato":"                                                  ","dtJogo":"02/06/2019","nuGolEquipeUm":1,"nuGolEquipeDois":2,"icSorteioResultado":0,"siglaPaisUm":"","siglaPaisDois":"","resultado":null},{"nuJogo":14,"nuConcurso":1054,"nuSequencial":4,"nomeEquipeUm":"BAHIA            ","nomeEquipeDois":"GREMIO           ","siglaUFUm":"BA","siglaUFDois":"RS","nomeCampeonato":"                                                  ","dtJogo":"01/06/2019","nuGolEquipeUm":1,"nuGolEquipeDois":0,"icSorteioResultado":0,"siglaPaisUm":"","siglaPaisDois":"","resultado":null},{"nuJogo":14,"nuConcurso":1054,"nuSequencial":5,"nomeEquipeUm":"FLAMENGO         ","nomeEquipeDois":"FORTALEZA        ","siglaUFUm":"RJ","siglaUFDois":"CE","nomeCampeonato":"                                                  ","dtJogo":"01/06/2019","nuGolEquipeUm":2,"nuGolEquipeDois":0,"icSorteioResultado":0,"siglaPaisUm":"","siglaPaisDois":"","resultado":null}],"numeroJogo":8,"nomeTimeCoracaoMesSorte":"                 ","tipoPublicacao":3,"observacao":"Ganhadores de 15 acertos: Campestre/MG, Belo Horizonte/MG, Patos de Minas/MG, Serra Talhada/PE, Serra/ES, Marab�/PA e Itaperuna/RJ.","localSorteio":"Caminh�o da Sorte                       ","dataProximoConcurso":"17/12/2007","numeroConcursoAnterior":279,"numeroConcursoProximo":281,"valorTotalPremioFaixaUm":0,"numeroConcursoFinal_0_5":290,"listaDezenas":["003","004","005","006","009","010","011","013","015","016","017","019","020","024","025"],"listaDezenasSegundoSorteio":null,"listaMunicipioUFGanhadores":[{"posicao":1,"ganhadores":1,"municipio":"","uf":"ES","nomeFatansiaUL":"","serie":""},{"posicao":1,"ganhadores":3,"municipio":"","uf":"MG","nomeFatansiaUL":"","serie":""},{"posicao":1,"ganhadores":1,"municipio":"","uf":"PA","nomeFatansiaUL":"","serie":""},{"posicao":1,"ganhadores":1,"municipio":"","uf":"PE","nomeFatansiaUL":"","serie":""},{"posicao":1,"ganhadores":1,"municipio":"","uf":"RJ","nomeFatansiaUL":"","serie":""}],"listaRateioPremio":[{"faixa":1,"numeroDeGanhadores":7,"valorPremio":186308.88,"descricaoFaixa":"15 acertos"},{"faixa":2,"numeroDeGanhadores":1779,"valorPremio":312.99,"descricaoFaixa":"14 acertos"},{"faixa":3,"numeroDeGanhadores":17395,"valorPremio":10.00,"descricaoFaixa":"13 acertos"},{"faixa":4,"numeroDeGanhadores":224021,"valorPremio":4.00,"descricaoFaixa":"12 acertos"},{"faixa":5,"numeroDeGanhadores":1249554,"valorPremio":2.00,"descricaoFaixa":"11 acertos"}],"id":null}