{"tipoJogo":"LOTOFACIL","numero":359,"nomeMunicipioUFSorteio":"S�O MATEUS DO SUL, PR","dataApuracao":"18/09/2008","valorArrecadado":0.00,"valorEstimadoProximoConcurso":1300000.00,"valorAcumuladoProximoConcurso":0.00,"valorAcumuladoConcursoEspecial":0.00,"valorAcumuladoConcurso_0_5":0.00,"acumulado":false,"indicadorConcursoEspecial":1,"dezenasSorteadasOrdemSorteio":["022","021","012","004","025","013","008","024","016","011","007","017","019","018","010"],"listaResultadoEquipeEsportiva":[{"nuJogo":19,"nuConcurso":902,"nuSequencial":1,"nomeEquipeUm":"GREMIO           ","nomeEquipeDois":"INTERNACIONAL    ","siglaUFUm":"RS","siglaUFDois":"RS","nomeCampeonato":"PRINCIPAL - FUTEBOL MASCULINO                     ","dtJogo":"03/10/2020","nuGolEquipeUm":1,"nuGolEquipeDois":1,"icSorteioResultado":0,"siglaPaisUm":"BRA","siglaPaisDois":"BRA","resultado":null},{"nuJogo":19,"nuConcurso":902,"nuSequencial":2,"nomeEquipeUm":"PALMEIRAS        ","nomeEquipeDois":"CEARA            ","siglaUFUm":"SP","siglaUFDois":"CE","nomeCampeonato":"PRINCIPAL - FUTEBOL MASCULINO                     ","dtJogo":"03/10/2020","nuGolEquipeUm":2,"nuGolEquipeDois":1,"icSorteioResultado":0,"siglaPaisUm":"BRA","siglaPaisDois":"BRA","resultado":null},{"nuJogo":19,"nuConcurso":902,"nuSequencial":3,"nomeEquipeUm":"PONTE PRETA      ","nomeEquipeDois":"JUVENTUDE        ","siglaUFUm":"SP","siglaUFDois":"RS","nomeCampeonato":"PRINCIPAL - FUTEBOL MASCULINO                     ","dtJogo":"03/10/2020","nuGolEquipeUm":1,"nuGolEquipeDois":3,"icSorteioResultado":0,"siglaPaisUm":"BRA","siglaPaisDois":"BRA","resultado":null},{"nuJogo":19,"nuConcurso":902,"nuSequencial":4,"nomeEquipeUm":"PAYSANDU         ","nomeEquipeDois":"REMO             ","siglaUFUm":"PA","siglaUFDois":"PA","nomeCampeonato":"PRINCIPAL - FUTEBOL MASCULINO                     ","dtJogo":"03/10/2020","nuGolEquipeUm":2,"nuGolEquipeDois":3,"icSorteioResultado":0,"siglaPaisUm":"BRA","siglaPaisDois":"BRA","resultado":null},{"nuJogo":19,"nuConcurso":902,"nuSequencial":5,"nomeEquipeUm":"RB BRAGANTINO    ","nomeEquipeDois":"CORINTHIANS      ","siglaUFUm":"SP","siglaUFDois":"SP","nomeCampeonato":"PRINCIPAL - FUTEBOL MASCULINO                     ","dtJogo":"03/10/2020","nuGolEquipeUm":0,"nuGolEquipeDois":0,"icSorteioResultado":0,"siglaPaisUm":"BRA","siglaPaisDois":"BRA","resultado":null},{"nuJogo":19,"nuConcurso":902,"nuSequencial":6,"nomeEquipeUm":"BOTAFOGO         ","nomeEquipeDois":"FLUMINENSE       ","siglaUFUm":"RJ","siglaUFDois":"RJ","nomeCampeonato":"PRINCIPAL - FUTEBOL MASCULINO                     ","dtJogo":"04/10/2020","nuGolEquipeUm":1,"nuGolEquipeDois":1,"icSorteioResultado":0,"siglaPaisUm":"BRA","siglaPaisDois":"BRA","resultado":null},{"nuJogo":19,"nuConcurso":902,"nuSequencial":7,"nomeEquipeUm":"MANCHESTER UNITED","nomeEquipeDois":"TOTTENHAM        ","siglaUFUm":"  ","siglaUFDois":"  ","nomeCampeonato":"PRINCIPAL - FUTEBOL MASCULINO                     ","dtJogo":"04/10/2020","nuGolEquipeUm":1,"nuGolEquipeDois":6,"icSorteioResultado":0,"siglaPaisUm":"ING","siglaPaisDois":"ING","resultado":null},{"nuJogo":19,"nuConcurso":902,"nuSequencial":8,"nomeEquipeUm":"JUVENTUS         ","nomeEquipeDois":"NAPOLI           ","siglaUFUm":"  ","siglaUFDois":"  ","nomeCampeonato":"PRINCIPAL - FUTEBOL MASCULINO                     ","dtJogo":"04/10/2020","nuGolEquipeUm":1,"nuGolEquipeDois":0,"icSorteioResultado":0,"siglaPaisUm":"ITA","siglaPaisDois":"ITA","resultado":null},{"nuJogo":19,"nuConcurso":902,"nuSequencial":9,"nomeEquipeUm":"CORITIBA         ","nomeEquipeDois":"SAO PAULO        ","siglaUFUm":"PR","siglaUFDois":"SP","nomeCampeonato":"PRINCIPAL - FUTEBOL MASCULINO                     ","dtJogo":"04/10/2020","nuGolEquipeUm":1,"nuGolEquipeDois":1,"icSorteioResultado":0,"siglaPaisUm":"BRA","siglaPaisDois":"BRA","resultado":null},{"nuJogo":19,"nuConcurso":902,"nuSequencial":10,"nomeEquipeUm":"FLAMENGO         ","nomeEquipeDois":"ATHLETICO        ","siglaUFUm":"RJ","siglaUFDois":"PR","nomeCampeonato":"PRINCIPAL - FUTEBOL MASCULINO                     ","dtJogo":"04/10/2020","nuGolEquipeUm":3,"nuGolEquipeDois":1,"icSorteioResultado":0,"siglaPaisUm":"BRA","siglaPaisDois":"BRA","resultado":null},{"nuJogo":19,"nuConcurso":902,"nuSequencial":11,"nomeEquipeUm":"BAHIA            ","nomeEquipeDois":"SPORT            ","siglaUFUm":"BA","siglaUFDois":"PE","nomeCampeonato":"PRINCIPAL - FUTEBOL MASCULINO                     ","dtJogo":"04/10/2020","nuGolEquipeUm":1,"nuGolEquipeDois":2,"icSorteioResultado":0,"siglaPaisUm":"BRA","siglaPaisDois":"BRA","resultado":null},{"nuJogo":19,"nuConcurso":902,"nuSequencial":12,"nomeEquipeUm":"FORTALEZA        ","nomeEquipeDois":"ATLETICO         ","siglaUFUm":"CE","siglaUFDois":"GO","nomeCampeonato":"PRINCIPAL - FUTEBOL MASCULINO                     ","dtJogo":"04/10/2020","nuGolEquipeUm":0,"nuGolEquipeDois":0,"icSorteioResultado":0,"siglaPaisUm":"BRA","siglaPaisDois":"BRA","resultado":null},{"nuJogo":19,"nuConcurso":902,"nuSequencial":13,"nomeEquipeUm":"GOIAS            ","nomeEquipeDois":"SANTOS           ","siglaUFUm":"GO","siglaUFDois":"SP","nomeCampeonato":"PRINCIPAL - FUTEBOL MASCULINO                     ","dtJogo":"04/10/2020","nuGolEquipeUm":2,"nuGolEquipeDois":3,"icSorteioResultado":0,"siglaPaisUm":"BRA","siglaPaisDois":"BRA","resultado":null},{"nuJogo":19,"nuConcurso":902,"nuSequencial":14,"nomeEquipeUm":"ATLETICO         ","nomeEquipeDois":"VASCO DA GAMA    ","siglaUFUm":"MG","siglaUFDois":"RJ","nomeCampeonato":"PRINCIPAL - FUTEBOL MASCULINO                     ","dtJogo":"04/10/2020","nuGolEquipeUm":4,"nuGolEquipeDois":1,"icSorteioResultado":0,"siglaPaisUm":"BRA","siglaPaisDois":"BRA","resultado":null}],"numeroJogo":8,"nomeTimeCoracaoMesSorte":"                 ","tipoPublicacao":3,"observacao":"GANHADOR DE 15 ACERTOS: ANGRA DOS REIS/RJ.","localSorteio":"Caminh�o da Sorte                       ","dataProximoConcurso":"22/09/2008","numeroConcursoAnterior":358,"numeroConcursoProximo":360,"valorTotalPremioFaixaUm":0,"numeroConcursoFinal_0_5":360,"listaMunicipioUFGanhadores":[{"posicao":1,"ganhadores":1,"municipio":"","uf":"RJ","nomeFatansiaUL":"","serie":""}],"listaRateioPremio":[{"faixa":1,"numeroDeGanhadores":1,"valorPremio":1481108.40,"descricaoFaixa":"15 acertos"},{"faixa":2,"numeroDeGanhadores":300,"valorPremio":2115.87,"descricaoFaixa":"14 acertos"},{"faixa":3,"numeroDeGanhadores":13923,"valorPremio":10.00,"descricaoFaixa":"13 acertos"},{"faixa":4,"numeroDeGanhadores":188972,"valorPremio":4.00,"descricaoFaixa":"12 acertos"},{"faixa":5,"numeroDeGanhadores":1182581,"valorPremio":2.00,"descricaoFaixa":"11 acertos"}],"listaDezenas":["004","007","008","010","011","012","013","016","017","018","019","021","022","024","025"],"listaDezenasSegundoSorteio":null,"id":null}