{"tipoJogo":"LOTOFACIL","numero":412,"nomeMunicipioUFSorteio":"CAMPOS DOS GOYTACAZES, RJ","dataApuracao":"26/03/2009","valorArrecadado":0.00,"valorEstimadoProximoConcurso":1500000.00,"valorAcumuladoProximoConcurso":0.00,"valorAcumuladoConcursoEspecial":0.00,"valorAcumuladoConcurso_0_5":0.00,"acumulado":false,"indicadorConcursoEspecial":1,"dezenasSorteadasOrdemSorteio":["018","020","021","012","004","011","003","022","019","017","025","010","009","008","016"],"listaResultadoEquipeEsportiva":[{"nuJogo":14,"nuConcurso":1054,"nuSequencial":1,"nomeEquipeUm":"BOTAFOGO         ","nomeEquipeDois":"VASCO DA GAMA    ","siglaUFUm":"RJ","siglaUFDois":"RJ","nomeCampeonato":"                                                  ","dtJogo":"02/06/2019","nuGolEquipeUm":1,"nuGolEquipeDois":0,"icSorteioResultado":0,"siglaPaisUm":"","siglaPaisDois":"","resultado":null},{"nuJogo":14,"nuConcurso":1054,"nuSequencial":2,"nomeEquipeUm":"SAO PAULO        ","nomeEquipeDois":"CRUZEIRO         ","siglaUFUm":"SP","siglaUFDois":"MG","nomeCampeonato":"                                                  ","dtJogo":"02/06/2019","nuGolEquipeUm":1,"nuGolEquipeDois":1,"icSorteioResultado":0,"siglaPaisUm":"","siglaPaisDois":"","resultado":null},{"nuJogo":14,"nuConcurso":1054,"nuSequencial":3,"nomeEquipeUm":"CHAPECOENSE      ","nomeEquipeDois":"PALMEIRAS        ","siglaUFUm":"SC","siglaUFDois":"SP","nomeCampeonato":"                                                  ","dtJogo":"02/06/2019","nuGolEquipeUm":1,"nuGolEquipeDois":2,"icSorteioResultado":0,"siglaPaisUm":"","siglaPaisDois":"","resultado":null},{"nuJogo":14,"nuConcurso":1054,"nuSequencial":4,"nomeEquipeUm":"BAHIA            ","nomeEquipeDois":"GREMIO           ","siglaUFUm":"BA","siglaUFDois":"RS","nomeCampeonato":"                                                  ","dtJogo":"01/06/2019","nuGolEquipeUm":1,"nuGolEquipeDois":0,"icSorteioResultado":0,"siglaPaisUm":"","siglaPaisDois":"","resultado":null},{"nuJogo":14,"nuConcurso":1054,"nuSequencial":5,"nomeEquipeUm":"FLAMENGO         ","nomeEquipeDois":"FORTALEZA        ","siglaUFUm":"RJ","siglaUFDois":"CE","nomeCampeonato":"                                                  ","dtJogo":"01/06/2019","nuGolEquipeUm":2,"nuGolEquipeDois":0,"icSorteioResultado":0,"siglaPaisUm":"","siglaPaisDois":"","resultado":null}],"numeroJogo":8,"nomeTimeCoracaoMesSorte":"                 ","tipoPublicacao":3,"observacao":"GANHADOR DE 15 ACERTOS: GUARATINGUET�/SP.","localSorteio":"Caminh�o da Sorte                       ","dataProximoConcurso":"30/03/2009","numeroConcursoAnterior":411,"numeroConcursoProximo":413,"valorTotalPremioFaixaUm":0,"numeroConcursoFinal_0_5":420,"listaMunicipioUFGanhadores":[{"posicao":1,"ganhadores":1,"municipio":"","uf":"SP","nomeFatansiaUL":"","serie":""}],"listaRateioPremio":[{"faixa":1,"numeroDeGanhadores":1,"valorPremio":1710946.58,"descricaoFaixa":"15 acertos"},{"faixa":2,"numeroDeGanhadores":373,"valorPremio":1965.86,"descricaoFaixa":"14 acertos"},{"faixa":3,"numeroDeGanhadores":12969,"valorPremio":10.00,"descricaoFaixa":"13 acertos"},{"faixa":4,"numeroDeGanhadores":171721,"valorPremio":4.00,"descricaoFaixa":"12 acertos"},{"faixa":5,"numeroDeGanhadores":1097290,"valorPremio":2.00,"descricaoFaixa":"11 acertos"}],"listaDezenas":["003","004","008","009","010","011","012","016","017","018","019","020","021","022","025"],"listaDezenasSegundoSorteio":null,"id":null}