{"tipoJogo":"LOTOFACIL","numero":431,"nomeMunicipioUFSorteio":"S�O LUIS DE MONTES BELOS, GO","dataApuracao":"01/06/2009","valorArrecadado":16491134.00,"valorEstimadoProximoConcurso":1300000.00,"valorAcumuladoProximoConcurso":0.00,"valorAcumuladoConcursoEspecial":0.00,"valorAcumuladoConcurso_0_5":0.00,"acumulado":false,"indicadorConcursoEspecial":1,"dezenasSorteadasOrdemSorteio":["024","003","018","005","012","021","013","009","015","020","022","011","001","023","002"],"listaResultadoEquipeEsportiva":[{"nuJogo":14,"nuConcurso":1054,"nuSequencial":1,"nomeEquipeUm":"BOTAFOGO         ","nomeEquipeDois":"VASCO DA GAMA    ","siglaUFUm":"RJ","siglaUFDois":"RJ","nomeCampeonato":"                                                  ","dtJogo":"02/06/2019","nuGolEquipeUm":1,"nuGolEquipeDois":0,"icSorteioResultado":0,"siglaPaisUm":"","siglaPaisDois":"","resultado":null},{"nuJogo":14,"nuConcurso":1054,"nuSequencial":2,"nomeEquipeUm":"SAO PAULO        ","nomeEquipeDois":"CRUZEIRO         ","siglaUFUm":"SP","siglaUFDois":"MG","nomeCampeonato":"                                                  ","dtJogo":"02/06/2019","nuGolEquipeUm":1,"nuGolEquipeDois":1,"icSorteioResultado":0,"siglaPaisUm":"","siglaPaisDois":"","resultado":null},{"nuJogo":14,"nuConcurso":1054,"nuSequencial":3,"nomeEquipeUm":"CHAPECOENSE      ","nomeEquipeDois":"PALMEIRAS        ","siglaUFUm":"SC","siglaUFDois":"SP","nomeCampeonato":"                                                  ","dtJogo":"02/06/2019","nuGolEquipeUm":1,"nuGolEquipeDois":2,"icSorteioResultado":0,"siglaPaisUm":"","siglaPaisDois":"","resultado":null},{"nuJogo":14,"nuConcurso":1054,"nuSequencial":4,"nomeEquipeUm":"BAHIA            ","nomeEquipeDois":"GREMIO           ","siglaUFUm":"BA","siglaUFDois":"RS","nomeCampeonato":"                                                  ","dtJogo":"01/06/2019","nuGolEquipeUm":1,"nuGolEquipeDois":0,"icSorteioResultado":0,"siglaPaisUm":"","siglaPaisDois":"","resultado":null},{"nuJogo":14,"nuConcurso":1054,"nuSequencial":5,"nomeEquipeUm":"FLAMENGO         ","nomeEquipeDois":"FORTALEZA        ","siglaUFUm":"RJ","siglaUFDois":"CE","nomeCampeonato":"                                                  ","dtJogo":"01/06/2019","nuGolEquipeUm":2,"nuGolEquipeDois":0,"icSorteioResultado":0,"siglaPaisUm":"","siglaPaisDois":"","resultado":null}],"numeroJogo":8,"nomeTimeCoracaoMesSorte":"                 ","tipoPublicacao":3,"observacao":"","localSorteio":"Caminh�o da Sorte                       ","dataProximoConcurso":"04/06/2009","numeroConcursoAnterior":430,"numeroConcursoProximo":432,"valorTotalPremioFaixaUm":0,"numeroConcursoFinal_0_5":440,"listaMunicipioUFGanhadores":[{"posicao":1,"ganhadores":1,"municipio":"BUERAREMA","uf":"BA","nomeFatansiaUL":"","serie":""},{"posicao":1,"ganhadores":1,"municipio":"RIO DE JANEIRO","uf":"RJ","nomeFatansiaUL":"","serie":""},{"posicao":1,"ganhadores":1,"municipio":"CAXIAS DO SUL","uf":"RS","nomeFatansiaUL":"","serie":""}],"listaRateioPremio":[{"faixa":1,"numeroDeGanhadores":3,"valorPremio":355534.38,"descricaoFaixa":"15 acertos"},{"faixa":2,"numeroDeGanhadores":727,"valorPremio":898.24,"descricaoFaixa":"14 acertos"},{"faixa":3,"numeroDeGanhadores":25503,"valorPremio":10.00,"descricaoFaixa":"13 acertos"},{"faixa":4,"numeroDeGanhadores":386807,"valorPremio":4.00,"descricaoFaixa":"12 acertos"},{"faixa":5,"numeroDeGanhadores":1640128,"valorPremio":2.00,"descricaoFaixa":"11 acertos"}],"listaDezenas":["001","002","003","005","009","011","012","013","015","018","020","021","022","023","024"],"listaDezenasSegundoSorteio":null,"id":null}