{"tipoJogo":"LOTOFACIL","numero":435,"nomeMunicipioUFSorteio":"CAMPINA GRANDE, PB","dataApuracao":"15/06/2009","valorArrecadado":14772336.00,"valorEstimadoProximoConcurso":1300000.00,"valorAcumuladoProximoConcurso":0.00,"valorAcumuladoConcursoEspecial":0.00,"valorAcumuladoConcurso_0_5":0.00,"acumulado":false,"indicadorConcursoEspecial":1,"dezenasSorteadasOrdemSorteio":["014","016","025","011","024","015","001","010","017","021","018","005","004","013","003"],"listaResultadoEquipeEsportiva":[{"nuJogo":14,"nuConcurso":1054,"nuSequencial":1,"nomeEquipeUm":"BOTAFOGO         ","nomeEquipeDois":"VASCO DA GAMA    ","siglaUFUm":"RJ","siglaUFDois":"RJ","nomeCampeonato":"                                                  ","dtJogo":"02/06/2019","nuGolEquipeUm":1,"nuGolEquipeDois":0,"icSorteioResultado":0,"siglaPaisUm":"","siglaPaisDois":"","resultado":null},{"nuJogo":14,"nuConcurso":1054,"nuSequencial":2,"nomeEquipeUm":"SAO PAULO        ","nomeEquipeDois":"CRUZEIRO         ","siglaUFUm":"SP","siglaUFDois":"MG","nomeCampeonato":"                                                  ","dtJogo":"02/06/2019","nuGolEquipeUm":1,"nuGolEquipeDois":1,"icSorteioResultado":0,"siglaPaisUm":"","siglaPaisDois":"","resultado":null},{"nuJogo":14,"nuConcurso":1054,"nuSequencial":3,"nomeEquipeUm":"CHAPECOENSE      ","nomeEquipeDois":"PALMEIRAS        ","siglaUFUm":"SC","siglaUFDois":"SP","nomeCampeonato":"                                                  ","dtJogo":"02/06/2019","nuGolEquipeUm":1,"nuGolEquipeDois":2,"icSorteioResultado":0,"siglaPaisUm":"","siglaPaisDois":"","resultado":null},{"nuJogo":14,"nuConcurso":1054,"nuSequencial":4,"nomeEquipeUm":"BAHIA            ","nomeEquipeDois":"GREMIO           ","siglaUFUm":"BA","siglaUFDois":"RS","nomeCampeonato":"                                                  ","dtJogo":"01/06/2019","nuGolEquipeUm":1,"nuGolEquipeDois":0,"icSorteioResultado":0,"siglaPaisUm":"","siglaPaisDois":"","resultado":null},{"nuJogo":14,"nuConcurso":1054,"nuSequencial":5,"nomeEquipeUm":"FLAMENGO         ","nomeEquipeDois":"FORTALEZA        ","siglaUFUm":"RJ","siglaUFDois":"CE","nomeCampeonato":"                                                  ","dtJogo":"01/06/2019","nuGolEquipeUm":2,"nuGolEquipeDois":0,"icSorteioResultado":0,"siglaPaisUm":"","siglaPaisDois":"","resultado":null}],"numeroJogo":8,"nomeTimeCoracaoMesSorte":"                 ","tipoPublicacao":3,"observacao":"","localSorteio":"Caminh�o da Sorte                       ","dataProximoConcurso":"18/06/2009","numeroConcursoAnterior":434,"numeroConcursoProximo":436,"valorTotalPremioFaixaUm":0,"numeroConcursoFinal_0_5":440,"listaMunicipioUFGanhadores":[{"posicao":1,"ganhadores":1,"municipio":"SALVADOR","uf":"BA","nomeFatansiaUL":"","serie":""},{"posicao":1,"ganhadores":1,"municipio":"SANTO ANDR�","uf":"SP","nomeFatansiaUL":"","serie":""}],"listaRateioPremio":[{"faixa":1,"numeroDeGanhadores":2,"valorPremio":690715.03,"descricaoFaixa":"15 acertos"},{"faixa":2,"numeroDeGanhadores":359,"valorPremio":1649.14,"descricaoFaixa":"14 acertos"},{"faixa":3,"numeroDeGanhadores":14484,"valorPremio":10.00,"descricaoFaixa":"13 acertos"},{"faixa":4,"numeroDeGanhadores":215823,"valorPremio":4.00,"descricaoFaixa":"12 acertos"},{"faixa":5,"numeroDeGanhadores":1337639,"valorPremio":2.00,"descricaoFaixa":"11 acertos"}],"listaDezenas":["001","003","004","005","010","011","013","014","015","016","017","018","021","024","025"],"listaDezenasSegundoSorteio":null,"id":null}