{"tipoJogo":"LOTOFACIL","numero":437,"nomeMunicipioUFSorteio":"PATOS, PB","dataApuracao":"22/06/2009","valorArrecadado":16132693.00,"valorEstimadoProximoConcurso":1400000.00,"valorAcumuladoProximoConcurso":0.00,"valorAcumuladoConcursoEspecial":0.00,"valorAcumuladoConcurso_0_5":0.00,"acumulado":false,"indicadorConcursoEspecial":1,"dezenasSorteadasOrdemSorteio":["012","020","005","021","001","008","019","004","011","023","006","017","010","016","002"],"listaResultadoEquipeEsportiva":[{"nuJogo":19,"nuConcurso":902,"nuSequencial":1,"nomeEquipeUm":"GREMIO           ","nomeEquipeDois":"INTERNACIONAL    ","siglaUFUm":"RS","siglaUFDois":"RS","nomeCampeonato":"PRINCIPAL - FUTEBOL MASCULINO                     ","dtJogo":"03/10/2020","nuGolEquipeUm":1,"nuGolEquipeDois":1,"icSorteioResultado":0,"siglaPaisUm":"BRA","siglaPaisDois":"BRA","resultado":null},{"nuJogo":19,"nuConcurso":902,"nuSequencial":2,"nomeEquipeUm":"PALMEIRAS        ","nomeEquipeDois":"CEARA            ","siglaUFUm":"SP","siglaUFDois":"CE","nomeCampeonato":"PRINCIPAL - FUTEBOL MASCULINO                     ","dtJogo":"03/10/2020","nuGolEquipeUm":2,"nuGolEquipeDois":1,"icSorteioResultado":0,"siglaPaisUm":"BRA","siglaPaisDois":"BRA","resultado":null},{"nuJogo":19,"nuConcurso":902,"nuSequencial":3,"nomeEquipeUm":"PONTE PRETA      ","nomeEquipeDois":"JUVENTUDE        ","siglaUFUm":"SP","siglaUFDois":"RS","nomeCampeonato":"PRINCIPAL - FUTEBOL MASCULINO                     ","dtJogo":"03/10/2020","nuGolEquipeUm":1,"nuGolEquipeDois":3,"icSorteioResultado":0,"siglaPaisUm":"BRA","siglaPaisDois":"BRA","resultado":null},{"nuJogo":19,"nuConcurso":902,"nuSequencial":4,"nomeEquipeUm":"PAYSANDU         ","nomeEquipeDois":"REMO             ","siglaUFUm":"PA","siglaUFDois":"PA","nomeCampeonato":"PRINCIPAL - FUTEBOL MASCULINO                     ","dtJogo":"03/10/2020","nuGolEquipeUm":2,"nuGolEquipeDois":3,"icSorteioResultado":0,"siglaPaisUm":"BRA","siglaPaisDois":"BRA","resultado":null},{"nuJogo":19,"nuConcurso":902,"nuSequencial":5,"nomeEquipeUm":"RB BRAGANTINO    ","nomeEquipeDois":"CORINTHIANS      ","siglaUFUm":"SP","siglaUFDois":"SP","nomeCampeonato":"PRINCIPAL - FUTEBOL MASCULINO                     ","dtJogo":"03/10/2020","nuGolEquipeUm":0,"nuGolEquipeDois":0,"icSorteioResultado":0,"siglaPaisUm":"BRA","siglaPaisDois":"BRA","resultado":null},{"nuJogo":19,"nuConcurso":902,"nuSequencial":6,"nomeEquipeUm":"BOTAFOGO         ","nomeEquipeDois":"FLUMINENSE       ","siglaUFUm":"RJ","siglaUFDois":"RJ","nomeCampeonato":"PRINCIPAL - FUTEBOL MASCULINO                     ","dtJogo":"04/10/2020","nuGolEquipeUm":1,"nuGolEquipeDois":1,"icSorteioResultado":0,"siglaPaisUm":"BRA","siglaPaisDois":"BRA","resultado":null},{"nuJogo":19,"nuConcurso":902,"nuSequencial":7,"nomeEquipeUm":"MANCHESTER UNITED","nomeEquipeDois":"TOTTENHAM        ","siglaUFUm":"  ","siglaUFDois":"  ","nomeCampeonato":"PRINCIPAL - FUTEBOL MASCULINO                     ","dtJogo":"04/10/2020","nuGolEquipeUm":1,"nuGolEquipeDois":6,"icSorteioResultado":0,"siglaPaisUm":"ING","siglaPaisDois":"ING","resultado":null},{"nuJogo":19,"nuConcurso":902,"nuSequencial":8,"nomeEquipeUm":"JUVENTUS         ","nomeEquipeDois":"NAPOLI           ","siglaUFUm":"  ","siglaUFDois":"  ","nomeCampeonato":"PRINCIPAL - FUTEBOL MASCULINO                     ","dtJogo":"04/10/2020","nuGolEquipeUm":1,"nuGolEquipeDois":0,"icSorteioResultado":0,"siglaPaisUm":"ITA","siglaPaisDois":"ITA","resultado":null},{"nuJogo":19,"nuConcurso":902,"nuSequencial":9,"nomeEquipeUm":"CORITIBA         ","nomeEquipeDois":"SAO PAULO        ","siglaUFUm":"PR","siglaUFDois":"SP","nomeCampeonato":"PRINCIPAL - FUTEBOL MASCULINO                     ","dtJogo":"04/10/2020","nuGolEquipeUm":1,"nuGolEquipeDois":1,"icSorteioResultado":0,"siglaPaisUm":"BRA","siglaPaisDois":"BRA","resultado":null},{"nuJogo":19,"nuConcurso":902,"nuSequencial":10,"nomeEquipeUm":"FLAMENGO         ","nomeEquipeDois":"ATHLETICO        ","siglaUFUm":"RJ","siglaUFDois":"PR","nomeCampeonato":"PRINCIPAL - FUTEBOL MASCULINO                     ","dtJogo":"04/10/2020","nuGolEquipeUm":3,"nuGolEquipeDois":1,"icSorteioResultado":0,"siglaPaisUm":"BRA","siglaPaisDois":"BRA","resultado":null},{"nuJogo":19,"nuConcurso":902,"nuSequencial":11,"nomeEquipeUm":"BAHIA            ","nomeEquipeDois":"SPORT            ","siglaUFUm":"BA","siglaUFDois":"PE","nomeCampeonato":"PRINCIPAL - FUTEBOL MASCULINO                     ","dtJogo":"04/10/2020","nuGolEquipeUm":1,"nuGolEquipeDois":2,"icSorteioResultado":0,"siglaPaisUm":"BRA","siglaPaisDois":"BRA","resultado":null},{"nuJogo":19,"nuConcurso":902,"nuSequencial":12,"nomeEquipeUm":"FORTALEZA        ","nomeEquipeDois":"ATLETICO         ","siglaUFUm":"CE","siglaUFDois":"GO","nomeCampeonato":"PRINCIPAL - FUTEBOL MASCULINO                     ","dtJogo":"04/10/2020","nuGolEquipeUm":0,"nuGolEquipeDois":0,"icSorteioResultado":0,"siglaPaisUm":"BRA","siglaPaisDois":"BRA","resultado":null},{"nuJogo":19,"nuConcurso":902,"nuSequencial":13,"nomeEquipeUm":"GOIAS            ","nomeEquipeDois":"SANTOS           ","siglaUFUm":"GO","siglaUFDois":"SP","nomeCampeonato":"PRINCIPAL - FUTEBOL MASCULINO                     ","dtJogo":"04/10/2020","nuGolEquipeUm":2,"nuGolEquipeDois":3,"icSorteioResultado":0,"siglaPaisUm":"BRA","siglaPaisDois":"BRA","resultado":null},{"nuJogo":19,"nuConcurso":902,"nuSequencial":14,"nomeEquipeUm":"ATLETICO         ","nomeEquipeDois":"VASCO DA GAMA    ","siglaUFUm":"MG","siglaUFDois":"RJ","nomeCampeonato":"PRINCIPAL - FUTEBOL MASCULINO                     ","dtJogo":"04/10/2020","nuGolEquipeUm":4,"nuGolEquipeDois":1,"icSorteioResultado":0,"siglaPaisUm":"BRA","siglaPaisDois":"BRA","resultado":null}],"numeroJogo":8,"nomeTimeCoracaoMesSorte":"                 ","tipoPublicacao":3,"observacao":"","localSorteio":"Caminh�o da Sorte                       ","dataProximoConcurso":"25/06/2009","numeroConcursoAnterior":436,"numeroConcursoProximo":438,"valorTotalPremioFaixaUm":0,"numeroConcursoFinal_0_5":440,"listaDezenas":["001","002","004","005","006","008","010","011","012","016","017","019","020","021","023"],"listaDezenasSegundoSorteio":null,"listaMunicipioUFGanhadores":[{"posicao":1,"ganhadores":1,"municipio":"RIO DE JANEIRO","uf":"RJ","nomeFatansiaUL":"","serie":""}],"listaRateioPremio":[{"faixa":1,"numeroDeGanhadores":1,"valorPremio":1623920.99,"descricaoFaixa":"15 acertos"},{"faixa":2,"numeroDeGanhadores":491,"valorPremio":1417.45,"descricaoFaixa":"14 acertos"},{"faixa":3,"numeroDeGanhadores":20628,"valorPremio":10.00,"descricaoFaixa":"13 acertos"},{"faixa":4,"numeroDeGanhadores":248500,"valorPremio":4.00,"descricaoFaixa":"12 acertos"},{"faixa":5,"numeroDeGanhadores":1293534,"valorPremio":2.00,"descricaoFaixa":"11 acertos"}],"id":null}